FilmMakerID,FilmMakerName,LoginID,Password,FilmName,FilmID,FilmDescription
1001,Yash Raj Films,cqcfpfxwn,snkfvwvok,Student of the Year,1,Movie of Students Life
1002,Hirani Productions,viudibrhd,rmytgnvtg,3 idiots,2,Engineer life story
1001,Yash Raj Films,osafditqf,gjvlyfuuz,Street Dancer 3D,3,Dance Related Movie
1003,Shoojit Productions,rlmpsefvy,copsvjqhh,Vicky Donor,4,Sperm Donor Life Story
1002,Hirani Productions,caxwzdpbj,xludljpmc,PK,5,Story of Indian Religios beleifs
1002,Hirani Productions,ircwicwaz,vlxnfaugu,Munna Bhai M.B.B.S.,6,Story of a ganster as a doctor
1002,Hirani Productions,zoltwtnhh,uzavmlwoz,Sanju,7,A Biopic of Sanjay Dutt
1004,Bhushan Kumar,cxlekltkw,dqihsrsrf,Yaad Piya ki aane lagi,8,Story of Indian Weddings
1005,AA Films,qpzmthvdg,ihbitaukq,Bharat,9,A story of Indian Fighter
1006,Pandey Films,rdhnwawnd,saldacbrh,M.S. Dhoni: The Untold Story,10,Biopic of MS Dhoni
1007,Zee Studios,wqslihosv,zmixgtadi,Good Newwz,11,A stroy about exchanged sperms
1008,Fox Star Studios,rbirvwfkc,cedlqzsln,Housefull 4,12,A comedy sequeal of Housefull
1005,AA Films,nrncnaomy,nqpzaloxy,Gully Boy,13,A story of struggling rapper
1009,Salman Khan Films,hawokzvql,gcobfbwqu,Dabangg 3,14,A stroy of Indian Policemen
1010,Vaicom 18,vzlrjnvsu,gptxoqvan,Padmaavat,15,A Story about queen padmaavati
1011,Reliance Entertainment,gokmtupqw,xmloyyxpi,Simmba,16,A sequesl of singham
1005,AA Films,tdhdwpmri,vazkgktuw,Badhaai Ho,17,A stroy about old women pregnancy
1001,Yash Raj Films,nceogibiz,ludfoadek,Tiger Zinda Hain,18,A story about Indian Spy
1012,T-series,ydrpetnmp,ykvocntnn,Hindi Medium,19,A story about parents finding school for thier child
1008,Fox Star Studios,oppsegsca,ofabfzcij,Judwaa 2,20,A story ofduplicates and thier life troubles
1009,Salman Khan Films,adrefokpv,kuhwkrmku,Tubelight,21,A stroy of dumb patriot
1013,Red Chillies Entertainment,wnxjemvnc,jfonfkyrq,Raees,22,A story of Indian Desi Don
1014,FilmKraft Productions,chilmrqwv,rrdfvvips,Kaabil,23,A story for blind couple
1015,Disney,Frozen 2,deyyhupzh,fwuttmfad,24,An angel with life issues
1016,Original Motion Pictures,lllhrmebi,uqmeweapv,Once upno a time in hollywood,25,A story about life in hollywood
1017,Annapurna Pictures,bzqcubzqd,ghjhuwsoe,Booksmart,26,A story of graduating students
1018,Jordan Movies,uzbuxzgee,qpnlnmczy,Us,27,A story about regret of boy
1019,Dexter Films,sadnciarg,khgglyxgq,Rocketman,28,A story of true fantasy
1020,Danny Productions,hevqwvxaq,niqmtuouj,Yesterday,29,A story of music enthutiast
1015,Disney,qhbwdluqh,tlzkzzxzn,Deadpool 2,30,A superhero movie of deadpool
1021,Cruise Productions,qzbbvungk,zbkirwrpk,Mission Impossible,31,A stroy of spy handling issues
1022,UTV Motion Pictures,tnjgdvmmx,goxswstqx,Dangal,32,A story of female indian wrestler
1001,Yash raj films,fdrgjudic,okafnydfp,Sultan,33,A story of underrated indian wrestler
1008,Fox Star studios,turxxltuv,qbhtcydnx,Ae Dil hain Mushqil,34,A story about the love traingle
1009,Salman Khan Films,mpivjzjmy,mhslrxvxl,Bajrangi Bhaijaan,35,A stroy of pak girl back to pak from india
1011,Reliance Entertainmnet,jaxgxftbd,bqrminivv,Singham Returns,36,A true story of indian Policemen
1022,UTV motion pictures,kkqlgjgma,itwjysgwj,2 States,37,A stroy based on chetan bhagat novel 2 states
1013,Red Chillies Entertainment,qupmsahvr,vgddkwtrk,Happy New year,38,A story of kajol and SRK reunion
1023,Balaji Motion Pictures,smyrlohch,smplvcswy,Ek Villian,39,A story of psycho gangster
1001,Yash Raj FIlms,gqaizzcgf,oiafiuxbh,Gunday,40,A story about duo of gangsters life
12345,Gujju Music,vgtvfeoef,nrzpbanro,Gujrati,41,Gujrati Music
10291,Sony Musics,huejrfjjd,jwjjojzeb,English,42,Hollywood
10912,Korean Music,kbxusiksc,zmidyrqfy,K-Pop,43,k-pop
