UserID,UserName,LoginID,Password,Subscription,Followers,FavouriteArtist
1,Cagla,9dq4di056k,u8cvjwzq9s,1,108,Arijit Singh
2,Hanne,w2b70njvyy,bw1f3yce50,1,4,Shankar Ehsaan Loy
3,Mikeila,08mxpx26cf,oxr1ldeouq,1,61,DJ Snake
4,Kyiren,bxl3xi65gi,ed2doonxk2,0,159,Akon
5,Oatha,4o13f9211h,wuub0y8h8c,0,168,Vatsala Patil
6,Liber,4a1zn1gvxc,lkfvs6bezs,0,102,DJ Snake
7,Fiadh,9ggtjrbuq3,ybnf6xownr,0,179,Meet Bros
8,Hydie,uu631ytdio,5gforttf34,1,162,Enrique Iglesias
9,Glooscap,t70odmpdw0,qvvkhw2pch,1,193,Hot Chelle Rae
10,Kathlyn,3u0mm3vc3e,mk0f14vsa1,0,135,Drake
11,Ganyn,ptjfxx6yog,rgi2dv7977,0,144,Aarti Munshi
12,Shatarah,htjjbqrnwe,xsdzrmldqd,1,109,Jaykar Bhojak
13,Ashtynn,w25xzs24do,t4bfguakqq,1,64,Bon Iver
14,Zaine,5177ews86l,sqrphm3dyb,1,195,DJ Snake
15,Gradon,kenl0jk0z4,5q1d6b5sih,0,16,Camila Cabello
16,Narcisco,yt2jni46cp,9jcwpoh3gf,1,61,Alka Yagnik
17,Lauran,6m8py1w8w3,wewcrhilwa,1,174,Sachin Limaye
18,Latoya,9oj541ghhj,ozsfbamlsd,0,76,A.R. Rahman
19,Chrishawn,90apbavbjw,ll7qanwil1,0,96,Dua Lipa
20,Morgun,6o7286sgpt,91idad5uw1,0,67,Hot Chelle Rae
21,Amer,6334t3k5ll,myukemxtyt,1,54,Bhoomi Trivedi
22,Elizjah,vpr6az5xwz,6qp9h2w7hj,0,177,Khalid
23,Akorede,yqo88rbqx6,qj5fmgyje3,0,173,Bhoomi Trivedi
24,Strickland,z8yjq7oahk,brzo1u2fig,0,124,Taylor Swift
25,Elanor,wsoat44lkj,t73rb9jsoh,0,8,Vijay Suvada
26,Caryn,xrs4tjnynd,97uj8hculv,0,118,DJ Snake
27,Oluwaseni,gl5ax47ax2,24q8kejx70,1,160,Neha Kakkar
28,Zahn,2hujb7y8qt,3ykk10fow7,0,86,Alan Walker
29,Abdrahman,13wptu7utl,8vi75umzde,0,195,Michael Jackson
30,Jerilynn,v2ffuiy4mf,tla5su0s4e,0,72,Bhoomi Trivedi
31,Shadayah,aj3yfg0rtp,q8i7nbf2s6,0,37,Arijit Singh
32,Inman,0f83tt3d2g,pv3v5r5f7v,0,97,Paritosh Goswami
33,Uma,8vax2xf0xy,xtjbmchb9d,1,165,Vatsala Patil
34,Bailidh,cdjujgnu2x,bbu4542gc8,0,53,Satya Yamini
35,Jacorrian,4pvlwkc3is,fduducm651,1,199,Jennifer Lopez
36,Rasab,w9mgliwgrx,rg5l8gly4x,0,69,Ariana Grande
37,Berlon,173rvvu7kz,ggwe7b179d,0,197,Camila Cabello
38,Armands,kgfjcu0m1f,ldj2ugaqx2,0,104,Bryan Adams
39,Doreathea,qyugig5h8e,zle5k16lzs,1,79,Neha Kakkar
40,Laroya,ymznpfn3sk,baixqso7fj,0,64,Jennifer Lopez
41,Balaal,tdslwdydf1,1cez7w7bdj,1,121,Anu Malik
42,Jeopardy,tvo3hdqpch,kx7dk2f45y,0,80,Imagine Dragons
43,Jqwon,8mzzfx9h33,0sh7qgk3vt,1,183,Aarti Munshi
44,Zailyn,5vcex0j8ld,cm2ydox7w4,1,157,Sonu Nigam
45,Roarke,sl6bastqrv,v3n9ohunv1,1,105,Cardi B
46,Seananthony,6nw9elzl3e,vita3qi810,0,17,Avicii
47,Gavriilu,prjsreif87,rly9047ejj,1,193,Parth Chaudhary
48,Cipriana,xeck0n0uv3,rdph10j9z3,0,108,Vatsala Patil
49,Aamina,mj9sn8f9h0,ri71qu8eox,0,55,Meet Bros
50,Kyal,bzwcz1rg3h,06x3eehlkb,0,149,Atif Aslam
51,Tobia,hvrpiznje5,d8cl7ohv42,0,20,Atul Purohit
52,Zurie,pftl8n26rp,g00ai0egvt,0,167,Shreya Ghoshal
53,Jayra,vhzx7q8ebj,6zpo1pe46w,1,183,Vatsala Patil
54,Olufolayemi,0u40931591,vx8bbfanj9,1,139,A.R. Rahman
55,Giannarose,gyfu877egi,hf8a8aog57,1,69,S.D.Burman
56,Quisto,p4xpdyfobo,63gmzoe9a3,0,168,Mounima
57,Yousha,ssg9eun2zq,dy1t7pxswv,0,112,Aarti Munshi
58,Sunni,odv0qarfnq,liyofr93bx,1,61,Prudhvi Chandra
59,Devnet,77y6mn5316,kcqvri1c9k,1,147,Satya Yamini
60,Mahmudul,c14xd77mz2,0y4jvj54fj,0,185,Mounima
61,Arseny,5oorgznht0,ilyf24uwzb,1,198,Kishore Kumar
62,Ysanne,aezs2r88wj,21x32leo6g,0,76,Hot Chelle Rae
63,Zalika,v9asqtf8it,ojo27rqnnh,0,146,Sachin Limaye
64,Jessey,3x0fzqlf25,998gx24s3a,0,113,Pritam
65,Wendelyn,adnck9y75j,hf532pxi6w,0,120,Krewella
66,Knute,viseybbe06,tn9tpwobs5,0,132,Arijit Singh
67,Breonia,rlyytwss1y,vjklzj9a67,0,183,Drake
68,Emyiah,6w7l690ikf,a32se7btiq,0,76,Parth Chaudhary
69,Midnight,9gdg6q9q4c,3ixz8ll549,1,17,Avicii
70,Karoleena,fuskfpj3dn,xe7xes95jx,0,66,Sonu Nigam
71,Bluebelle,c97tb96czq,y58ox7clqa,0,131,Sachin Limaye
72,Isumi,nbmj11s4qv,ei7xxoy8zw,1,197,Adele
73,Jeevat,ofri8e6360,5cokd7wa2f,0,109,Hot Chelle Rae
74,Oweda,rurb4k6in4,oqoicdzd5h,0,48,Aarti Munshi
75,Tariq,d9xhqug8ic,thrx7jp7i0,0,150,Richa Sharma
76,Enalina,bfd46mn8bz,cylzci67vk,1,199,Aarti Munshi
77,Adaleia,5u2vepe7pm,2v5u7p2wm7,0,50,Sanjay Oza
78,Janeliz,5czep34kjk,v614e9ihxf,0,109,Imagine Dragons
79,Alyla,mjgunpz2j3,vn19i20bhu,0,98,Prudhvi Chandra
80,Derriana,ck6lhfx867,5yefe5v08a,0,48,Sachin Limaye
81,Brookson,fnbgxgoy7z,4020xlqro6,0,192,Sachin-Jigar
82,Umairah,zxlfjgpl4r,m6ofucpill,1,55,Drake
83,Kirkland,dsqlbkwdc0,aoqckd1vuw,0,132,Enrique Iglesias
84,Alexanderjames,dc3p0qrwho,yymrdtz2x4,0,144,Billie Eilish
85,Aari,42yuwos2n7,ht10tzhioj,0,54,Ramya Behara
86,Conlon,bj1f7jrce9,bi0jzej8jz,0,61,Tame Impala
87,Spomenka,zfs3ignk4g,tzkecszl5p,0,184,Halsey
88,Adesh,3w0wmxiefj,cjh9wzs78a,0,13,Calvin Harris
89,Shaleece,bdtu0wtcvw,1zmllvj61h,0,0,Taylor Swift
90,Oluwajoba,qzfcfp2ojx,bh4tuhr0sc,0,111,Rita Ora
91,Aker,nc74z30t3v,cvrpjedhha,0,78,Tove Lo
92,Tilly-anne,xed7zj4tdg,3gqj1i2xmu,1,118,Pritam
93,Shawneen,mog6axbxsw,mpdfy066xr,1,7,PSY
94,Talara,wklsy4aejy,1c4sx3g1gd,1,68,BlackPink
95,Tica,d0nck20pm9,3ki23grzk6,1,140,Bappi Lahiri
96,Ashvik,ifka90mmt8,79vmhk23sp,0,134,Ariana Grande
97,Veronia,t35t5hb8m8,fksckewwgr,1,156,Pritam
98,Shinesha,ngetkig1sj,4aeh8yi272,1,17,Pritam
99,Bettianne,qnh4xvy77p,34aj7uff4y,0,69,Alan Walker
100,Parjinder,macjgp8wic,fdzvbtt6tf,1,85,Satya Yamini
101,Vallarie,vq4huyxdmk,hb8fwxfkg9,0,175,DJ Snake
102,Maristella,s6klq73tfw,0wu0lvf2z0,1,29,Yazin Nizar
103,Jossiephine,bde9cm42wg,bcvp4va17d,0,85,Sonu Nigam
104,Riley-,bq6qqg2bj8,gy4fsvesk3,0,146,Cardi B
105,Minique,k87nh7w7px,01o1h5po5n,1,142,Avicii
106,Mckaela,277i86dnoz,noy93cscnl,0,112,Khalid
107,Nurislam,6ecfg5lju9,xtttfp1ptz,0,148,Aarti Munshi
108,Odessie,8aqlvrbpw6,kc5zge4qaf,0,6,Taylor Swift
109,Tvisha,lp6r479bbj,et5wkxr5us,0,179,Alka Yagnik
110,Gorham,c7fcn392v1,t2z9p4vbey,0,127,Shyamal and Saumil
111,Chardae,qtnotaqzqt,a0avkrzrvo,1,104,Meet Bros
112,Lucyle,9baen2gmfv,ve8c6a70j8,1,97,Mounima
113,Aracelly,kssbwvyujy,xbf42szv07,1,91,Alan Walker
114,Golshan,3lb0nmtinf,bm69zlgknk,0,106,The Chainsmokers
115,Olwin,gyv29oe4ch,f5tc5bi68n,0,42,Ramya Behara
116,Lilyian,gk9ecdq66x,65qkn8cni5,0,79,Bon Iver
117,Generose,zorva4nn8f,58rq22dg6o,0,108,Badshah
118,Patricia,m2ywu1y9w0,6p8lwvvb5e,0,67,Vatsala Patil
119,Alaana,5t9j3ow1bp,ls36yk01v7,1,40,BlackPink
120,Tyric,j2jmq9tndg,ya6kaxw9ek,0,88,Paritosh Goswami
121,Kyson,7xzij8fg3o,txdzarav0y,1,154,Jaykar Bhojak
122,Chestine,rgv5dzj565,vniowv5lrd,1,91,Mohana Bhogaraju
123,Ashraf,5r7ckz69mu,6pspj3pfn4,1,87,Kesha
124,Diepreye,h4btmi63p7,ash017rh6f,1,137,Rihanna
125,Sophia-louise,2l1dr3q64j,ehjegi4rrw,1,40,Atif Aslam
126,Quienton,rk7xjs8zqo,rdmfveevs3,1,181,Rihanna
127,Vlatka,f34kmb0uvd,65e1b6gqd8,1,75,Mika Singh
128,Nayoun,vyhnt2jmni,ir09y32nbn,1,192,TWICE
129,Taiana,sw1wtnwk0c,faup6l7nvi,1,128,Shreya Ghoshal
130,Breahna,na92qia74a,c4s0efzcp1,0,189,Asha Bhosle
131,Caelon,0fs30wkrg9,s3gtoiug44,1,158,Sachin-Jigar
132,Chantell,xtiq5f7s7h,29lsjwq1yo,1,95,Meet Bros
133,Rocklyn,gwkev4razi,etedojhyuv,1,199,The Chainsmokers
134,Zakyriah,abykls9vus,pcv6lpevxp,0,119,Bon Iver
135,Mollie-ann,70n5x8ut8d,nc12l2iicc,0,33,Mohana Bhogaraju
136,Kimberl,5r38u1i3h4,50tccl8mgv,0,41,Jaykar Bhojak
137,Nicolau,svqrphs837,bvlby1h6wf,1,180,Mika Singh
138,Tamirah,yzhjiy32vd,6hqgji3ku3,0,34,Badshah
139,Fonta,f92jfpfkac,eyjnq3vf0d,1,123,Hot Chelle Rae
140,Liran,h7bcz8omnd,krmj6wi4yy,0,109,BlackPink
141,Gunnhildur,jatysup7p6,3mfcx1ni2v,0,190,Achal Mehta
142,Abdulmalek,ydahf5du4n,0v0nki96rm,1,56,Selena Gomez
143,Lationa,2mavgr9sn7,4vvanv2f01,0,132,The Weekend
144,Maiki,6c6pai98o1,wyuthbdw96,1,133,Cardi B
145,Caly,glozy4gli5,s11za9juvb,0,40,Cardi B
146,Stacie,ak1fosfopm,cws4euilbe,1,5,Geeta Rabari
147,Ezekiel,w196283181,kyl3sdbgmj,0,62,Rihanna
148,Kristos,ki1fc65w4m,jswhwona82,1,106,Drake
149,Sureena,wgc5genw6t,cveuc3em76,0,0,Gajendra Verma
150,Arnaude,8ng4t8hwis,82n4i0ovce,0,116,Sachin Limaye
151,Heiley,gyk6sk0d18,539j5q7lth,0,57,Bappi Lahiri
152,Pancras,kikbvthe2j,8lo5qs7vk6,1,45,The Weekend
153,Crafton,qglxmcau7h,ao3dyh7xpe,0,175,Hot Chelle Rae
154,Keshaun,qfk1v8faz7,k22zdpl4rs,0,116,Pritam
155,Absalon,8c79xqsu4b,u0kyhpbu5o,0,115,Mika Singh
156,Emmee,e8b75vi7yw,yz6mhb4lei,1,180,Mohana Bhogaraju
157,Dexiree,a5rpd7ntqd,kk5lejdu2k,0,139,Aarti Munshi
158,Najibah,6qby977ap7,lw5w7bvh0c,1,112,Aarti Munshi
159,Gearld,z2jngzh7l4,m8yo0c1thq,0,186,Kishore Kumar
160,Zhariyah,83jjnxyl4h,m6ivwgnqjf,1,28,Sonu Nigam
161,Totty,efbqp4qx3y,ptkd08pg89,0,43,Enrique Iglesias
162,Giorgino,jo4kpxkyg6,ll6njouudh,0,98,Tove Lo
163,Abdihafid,vg3dlkzwes,mjhdqjryx4,1,102,Selena Gomez
164,Mung,72g6rxxdq7,8gcu96lrgs,0,174,DJ Snake
165,Tyrian,qblkv3krc2,pigzqiofhx,1,43,Geeta Rabari
166,Esbeydy,4apd1coxku,rapp4wqigu,1,126,Michael Jackson
167,Tinka,c8vccs55i6,qxwvpuki2p,1,13,Shyamal and Saumil
168,Kazlynn,tdfeab3ibw,2tz07j448x,0,5,Meet Bros
169,Simron,mwk9mrkqbq,013hwokw4z,1,48,Calvin Harris
170,Ambrosios,154al6ug83,aukwiqdpr5,0,53,The Weekend
171,Kimorah,4un6ux3y80,289b2ckkzm,0,98,Bappi Lahiri
172,Darzell,9nyly7j8sx,cksl4frqsw,1,94,Imagine Dragons
173,Laquila,opbf1h2iw5,cqpohg19px,1,126,Bryan Adams
174,Adilen,0h6jud04cd,if3i22lauj,0,118,Tame Impala
175,Pei,srxoo3t698,ejtwe5uikt,1,61,Vijay Suvada
176,Erdenechimeg,ryy6o3qp5u,i9j85aug02,0,51,Sachin-Jigar
177,Melisia,vjlvb7ru5c,42q03ynv9n,0,83,Anu Malik
178,Lysimachos,ywyvejjj51,0jf4n79xct,0,91,Alan Walker
179,Jazalin,28s3x8o7ko,6ykhll3dya,0,184,Mounima
180,Kayleigh-ann,t64s83khvg,bshu7geav2,1,134,Jaykar Bhojak
181,Jamacia,4es2zru746,9y4e1oklie,1,67,Billie Eilish
182,Jasek,nudxs7y328,ka2hhy62v7,0,185,Avicii
183,Tranice,37ugavkhl1,c0ls3ihkm2,1,160,Calvin Harris
184,Lalana,veutueye44,ffblrm92p4,0,117,Vishal-Shekar
185,Jurryt,1t5cp8canb,6dhcashcqw,0,68,Imagine Dragons
186,Almir,lk28m20xks,8gdis1t2z2,0,180,Calvin Harris
187,Herika,2v5ghtjozf,xt07enw9hx,1,84,Shankar Mahadevan
188,Ithiel,mspv35ywqu,v1z3dx78ou,0,102,Kishore Kumar
189,Shantalle,ti4n8yrm9t,t3ke8txtss,0,54,Achal Mehta
190,Willah,ljuxlwuw6o,38giwy4s6p,0,171,Vijay Suvada
191,Sariaha,xfwegidqo3,g0w89l1da9,1,19,Parth Chaudhary
192,Dawda,1eat5i0ti0,nkvmmcznb4,0,193,Krewella
193,Louana,xj023iyejo,4mul9ge0i6,1,83,Sachin-Jigar
194,Victoriamarie,fehzqboyav,qh0vjq39oj,0,95,Arijit Singh
195,Gershon,p8tcttnf8o,u69oad8upp,0,118,Calvin Harris
196,Aobha,zdneilxeyu,xkz1m57chh,0,10,Satya Yamini
197,Navian,zj0wyxr8tu,q2rbmfore3,0,12,Drake
198,Junae,75bqkablz7,4mq3e9rr0o,1,99,Tame Impala
199,Emma-ray,bv2ss2n9tq,mgsx4mifhe,1,6,Atul Purohit
200,Elvir,x6xrjuvpjm,yerq4xua91,1,164,Halsey
